{"cameraMode":{"drawMode":0,"name":"Shaded","section":"Shading Mode"},"sceneLighting":true,"audioPlay":false,"sceneViewState":{"showFog":true,"showMaterialUpdate":false,"showSkybox":true,"showFlares":true,"showImageEffects":true,"showParticleSystems":true,"showVisualEffectGraphs":true,"m_FxEnabled":true},"in2DMode":false,"pivot":{"x":0.6127185225486755,"y":1.3651750087738038,"z":0.11351525783538819},"rotation":{"x":-0.11099721491336823,"y":0.8822389841079712,"z":-0.2602091431617737,"w":-0.37633609771728518},"size":1.2325842380523682,"orthographic":false}